,STATES,PROPERTYCRIME,VIOLENTCRIME,TOTALCRIME
0,Perlis,453,66,520
1,Terengganu,2448,227,2676
2,Kelantan,2932,353,3286
3,Melaka,2897,437,3335
4,Pahang,3386,460,3846
5,Negeri Sembilan,3740,757,4498
6,Sabah,4268,761,5029
7,Kedah,5967,771,6738
8,Sarawak,6447,618,7065
9,Perak,8236,1409,9646
10,Penang,8609,1377,9986
11,Johor,13471,2744,16215
12,Selangor,24793,5009,29803